City_ID,City,Country,Lat,Lng,Max Temp,Humidity,Cloudiness,Wind Speed,Current Description
0,Ahipara,NZ,-35.1667,173.1667,61.77,85,26,2.59,scattered clouds
1,Tasiilaq,GL,65.6145,-37.6368,32.16,88,100,38.99,snow
2,Muros,ES,42.7762,-9.0603,61.84,89,31,2.26,scattered clouds
3,Gat,IL,31.61,34.7642,70.81,100,0,4.47,clear sky
4,Rikitea,PF,-23.1203,-134.9692,74.79,70,55,16.04,broken clouds
5,Bubaque,GW,11.2833,-15.8333,82.47,73,100,6.31,overcast clouds
6,Borba,BR,-4.3878,-59.5939,91.36,52,71,2.62,broken clouds
7,Kuroiso,JP,36.9667,140.05,45.82,76,42,1.99,scattered clouds
8,Jamestown,US,42.097,-79.2353,53.51,84,90,4.0,overcast clouds
9,Hithadhoo,MV,-0.6,73.0833,81.25,77,63,14.29,broken clouds
10,Karpathos,GR,35.507,27.2132,69.76,73,24,27.63,few clouds
11,East London,ZA,-33.0153,27.9116,63.23,62,97,12.64,overcast clouds
12,Mataura,NZ,-46.1927,168.8643,53.47,95,100,2.64,overcast clouds
13,Ushuaia,AR,-54.8,-68.3,33.46,80,75,34.52,snow
14,Coihaique,CL,-45.5752,-72.0662,49.95,81,90,12.66,heavy intensity rain
15,Busselton,AU,-33.65,115.3333,56.05,85,100,11.43,overcast clouds
16,Yellowknife,CA,62.456,-114.3525,41.56,84,90,21.85,overcast clouds
17,Kapaa,US,22.0752,-159.319,79.48,83,35,3.0,scattered clouds
18,Mount Pleasant,US,32.7941,-79.8626,82.11,68,1,5.01,clear sky
19,Alexandria,EG,31.2156,29.9553,75.16,64,40,9.22,scattered clouds
20,Flin Flon,CA,54.7682,-101.865,40.84,65,75,14.97,broken clouds
21,Albany,US,42.6001,-73.9662,57.81,62,90,1.99,overcast clouds
22,Moose Factory,CA,51.2585,-80.6094,41.0,87,75,4.61,broken clouds
23,Lazaro Cardenas,MX,17.9583,-102.2,79.45,88,100,8.84,overcast clouds
24,Mahebourg,MU,-20.4081,57.7,75.25,78,40,12.66,scattered clouds
25,Havelock,US,34.8791,-76.9013,80.06,70,100,4.0,overcast clouds
26,Puerto Ayora,EC,-0.7393,-90.3518,78.76,85,100,10.78,overcast clouds
27,Puerto Baquerizo Moreno,EC,-0.9,-89.6,76.19,69,20,13.8,few clouds
28,Punta Arenas,CL,-53.15,-70.9167,46.51,36,75,21.85,broken clouds
29,Ambilobe,MG,-13.2,49.05,77.72,75,87,6.85,overcast clouds
30,Villarrica,PY,-25.75,-56.4333,72.52,51,0,7.78,clear sky
31,Vila,PT,42.0304,-8.1588,50.94,92,100,0.56,overcast clouds
32,Pevek,RU,69.7008,170.3133,6.24,94,100,3.22,overcast clouds
33,Mar Del Plata,AR,-38.0023,-57.5575,71.62,45,0,11.99,clear sky
34,Kodiak,US,57.79,-152.4072,42.93,86,30,7.78,scattered clouds
35,Kota Belud,MY,6.351,116.4305,76.86,88,100,5.1,overcast clouds
36,Vestmannaeyjar,IS,63.4427,-20.2734,45.91,93,100,5.48,overcast clouds
37,Lanja,IN,16.85,73.55,70.75,93,70,2.86,broken clouds
38,Nikolskoye,RU,59.7035,30.7861,33.87,84,79,4.41,light snow
39,Atuona,PF,-9.8,-139.0333,77.99,69,3,17.34,clear sky
40,Trairi,BR,-3.2778,-39.2689,82.49,65,2,13.47,clear sky
41,At-Bashi,KG,41.1702,75.8106,29.5,48,0,7.18,clear sky
42,Port Alfred,ZA,-33.5906,26.891,59.95,73,21,11.14,few clouds
43,Ondjiva,AO,-17.0667,15.7333,78.87,19,1,8.25,clear sky
44,Vallenar,CL,-28.5708,-70.7581,84.31,20,0,9.48,clear sky
45,Borkenes,NO,68.774,16.1739,38.97,100,100,7.63,overcast clouds
46,Stepnogorsk,KZ,52.3544,71.8869,46.11,38,100,18.34,overcast clouds
47,Kamaishi,JP,39.2667,141.8833,51.35,76,67,5.53,broken clouds
48,Kabare,CD,-2.4683,28.8242,63.0,90,100,0.16,light rain
49,Hermanus,ZA,-34.4187,19.2345,59.9,70,0,9.93,clear sky
50,Axim,GH,4.8699,-2.2405,78.06,86,75,7.2,broken clouds
51,Cap Malheureux,MU,-19.9842,57.6142,75.47,70,83,5.99,broken clouds
52,La Asuncion,VE,11.0333,-63.8628,82.6,73,73,17.36,broken clouds
53,Iqaluit,CA,63.7506,-68.5145,31.73,74,90,5.99,overcast clouds
54,Rodrigues Alves,BR,-7.738,-72.6509,97.0,45,100,5.32,overcast clouds
55,Walvis Bay,NA,-22.9575,14.5053,60.1,82,0,6.91,clear sky
56,Kharan,PK,28.5833,65.4167,64.54,12,0,3.71,clear sky
57,Dikson,RU,73.5069,80.5464,7.81,85,100,18.92,overcast clouds
58,Butaritari,KI,3.0707,172.7902,81.32,73,83,4.59,broken clouds
59,Qom,IR,34.6401,50.8764,61.3,30,0,5.21,clear sky
60,Heyang,CN,26.1011,107.473,52.03,74,73,3.33,light rain
61,Dudinka,RU,69.4058,86.1778,22.73,97,100,6.58,light snow
62,Port Elizabeth,ZA,-33.918,25.5701,57.49,88,75,5.75,broken clouds
63,Redmond,US,47.674,-122.1215,59.61,74,100,5.99,overcast clouds
64,Coahuayana,MX,18.7333,-103.6833,88.68,63,100,5.97,overcast clouds
65,Birin,NP,26.8865,88.0718,54.41,84,2,4.88,clear sky
66,Mwinilunga,ZM,-11.7358,24.4293,64.29,90,98,4.63,light rain
67,Khatanga,RU,71.9667,102.5,0.97,90,88,16.87,overcast clouds
68,New Norfolk,AU,-42.7826,147.0587,47.7,68,99,3.0,overcast clouds
69,Waingapu,ID,-9.6567,120.2641,78.44,85,95,2.21,overcast clouds
70,Airai,TL,-8.9266,125.4092,61.09,86,98,1.39,overcast clouds
71,Iralaya,HN,15.0,-83.2333,84.29,76,28,11.54,scattered clouds
72,Amapa,BR,1.0,-52.0,86.38,55,92,4.85,light rain
73,Hobart,AU,-42.8794,147.3294,48.25,74,75,3.0,broken clouds
74,Srednekolymsk,RU,67.45,153.6833,-6.47,95,99,2.01,overcast clouds
75,Severo-Kurilsk,RU,50.6789,156.125,38.48,77,29,16.49,light rain
76,Peniche,PT,39.3558,-9.3811,62.08,87,34,7.27,scattered clouds
77,Ancud,CL,-41.8697,-73.8203,60.42,82,92,16.46,overcast clouds
78,Lorengau,PG,-2.0226,147.2712,80.13,82,92,8.12,overcast clouds
79,Rocha,UY,-34.4833,-54.3333,68.45,55,0,12.46,clear sky
80,Chokurdakh,RU,70.6333,147.9167,-5.94,99,100,3.09,overcast clouds
81,Port-Cartier,CA,50.0334,-66.8654,49.75,79,100,12.55,overcast clouds
82,Parauna,BR,-16.9478,-50.4486,71.28,80,100,15.01,overcast clouds
83,San Patricio,US,28.017,-97.5169,91.49,47,5,9.04,clear sky
84,Frunze,UA,48.6686,38.7544,41.94,59,23,8.55,few clouds
85,Bud,US,39.447,-86.1758,73.58,94,100,11.61,overcast clouds
86,Red Wing,US,44.5625,-92.5338,50.38,57,1,3.0,clear sky
87,Simbahan,PH,6.3032,120.5836,81.84,74,100,4.25,overcast clouds
88,Krasnoselkup,RU,65.7,82.4667,24.15,90,97,20.76,overcast clouds
89,Tuktoyaktuk,CA,69.4541,-133.0374,30.2,93,75,2.3,broken clouds
90,Victoria,HK,22.2855,114.1577,69.33,75,71,1.01,broken clouds
91,Benghazi,LY,32.1167,20.0667,78.96,40,98,15.21,overcast clouds
92,Mansa,IN,29.9833,75.3833,64.54,80,0,1.79,clear sky
93,Atar,MR,20.5169,-13.0499,88.74,18,57,2.13,broken clouds
94,Zihuatanejo,MX,17.6333,-101.55,75.38,94,100,6.42,overcast clouds
95,Padang,ID,-0.9492,100.3543,75.81,93,100,2.48,light rain
96,Egvekinot,RU,66.3167,-179.1667,3.15,88,30,6.4,scattered clouds
97,Mayo,US,38.8876,-76.5119,73.11,63,1,8.01,clear sky
98,Faanui,PF,-16.4833,-151.75,77.63,83,100,12.91,light rain
99,Saint-Pierre,RE,-21.3393,55.4781,73.56,78,0,2.3,clear sky
100,Georgetown,MY,5.4112,100.3354,78.73,93,20,1.01,few clouds
101,Gravdal,NO,68.1214,13.5031,40.89,70,75,8.05,light rain
102,Bredasdorp,ZA,-34.5322,20.0403,53.28,76,0,3.44,clear sky
103,Tiksi,RU,71.6872,128.8694,0.72,100,100,5.32,overcast clouds
104,Nakamura,JP,32.9833,132.9333,56.98,81,100,4.27,moderate rain
105,Carnarvon,AU,-24.8667,113.6333,68.07,73,75,14.97,broken clouds
106,Saskylakh,RU,71.9167,114.0833,-12.33,100,74,4.56,broken clouds
107,Inhambane,MZ,-23.865,35.3833,75.18,88,40,7.0,light rain
108,Katsuura,JP,35.1333,140.3,55.51,62,37,5.48,scattered clouds
109,Chimore,BO,-16.9833,-65.1333,71.38,82,88,1.77,overcast clouds
110,Enshi,CN,30.3,109.4833,51.39,93,65,0.38,broken clouds
111,Kedrovyy,RU,56.1667,91.8167,41.41,76,98,12.82,overcast clouds
112,Bluff,NZ,-46.6,168.3333,52.83,94,100,4.34,overcast clouds
113,Marsa Matruh,EG,31.3525,27.2453,73.6,68,40,11.5,scattered clouds
114,Kahului,US,20.8947,-156.47,80.83,78,40,18.41,scattered clouds
115,Cape Town,ZA,-33.9258,18.4232,60.28,71,20,5.01,few clouds
116,Pokhara,NP,28.2333,83.9833,59.72,71,0,6.93,clear sky
117,Tazovskiy,RU,67.4667,78.7,24.42,94,100,17.16,overcast clouds
118,Ukiah,US,39.1502,-123.2078,59.02,93,90,6.91,mist
119,Mpanda,TZ,-6.3655,31.0409,76.6,52,88,3.18,overcast clouds
120,Broome,US,42.2506,-75.833,55.2,76,90,1.01,overcast clouds
121,Coquimbo,CL,-29.9533,-71.3436,64.13,63,0,14.97,clear sky
122,Rapar,IN,23.5667,70.6333,78.08,60,0,7.45,clear sky
123,Longyearbyen,SJ,78.2186,15.6401,22.84,74,75,6.91,broken clouds
124,Cherskiy,RU,68.75,161.3,-14.08,99,36,5.23,scattered clouds
125,Valuyki,RU,50.2035,38.1067,41.18,71,80,12.28,broken clouds
126,Kanker,IN,20.2719,81.4931,65.19,79,61,2.08,broken clouds
127,Kieta,PG,-6.2167,155.6333,79.23,79,82,0.49,broken clouds
128,Arraial Do Cabo,BR,-22.9661,-42.0278,75.16,83,75,5.75,broken clouds
129,Ribeira Grande,PT,38.5167,-28.7,64.8,72,20,6.91,few clouds
130,Gucheng,CN,35.9115,111.3192,52.59,72,59,0.56,broken clouds
131,Qaanaaq,GL,77.484,-69.3632,-3.05,60,0,11.59,clear sky
132,Vila Velha,BR,-20.3297,-40.2925,84.15,74,20,18.41,few clouds
133,Tilichiki,RU,60.4667,166.1,5.07,93,50,9.04,scattered clouds
134,Norman Wells,CA,65.282,-126.8329,23.04,93,90,4.61,overcast clouds
135,Kanata,CA,45.3159,-75.8985,54.99,56,75,3.0,broken clouds
136,Vaini,TO,-21.2,-175.2,75.36,78,20,6.91,few clouds
137,Seoul,KR,37.5683,126.9778,47.64,97,20,2.3,mist
138,Klaksvik,FO,62.2266,-6.589,50.92,90,96,23.73,overcast clouds
139,Robertsport,LR,6.7533,-11.3686,80.67,77,100,8.66,light rain
140,Eseka,CM,3.65,10.7667,73.2,100,55,1.7,broken clouds
141,Farafangana,MG,-22.8167,47.8333,75.92,91,56,12.41,broken clouds
142,Saldanha,ZA,-33.0117,17.9442,59.05,76,0,18.9,clear sky
143,Palestina,PS,31.9216,35.2033,62.35,90,0,3.94,clear sky
144,Keetmanshoop,NA,-26.5833,18.1333,70.72,24,0,17.34,clear sky
145,Tautira,PF,-17.7333,-149.15,73.42,90,100,17.87,light rain
146,Lamu,KE,-2.2717,40.902,79.02,87,3,10.38,clear sky
147,Avarua,CK,-21.2078,-159.775,73.45,64,75,13.8,broken clouds
148,Waipawa,NZ,-41.4122,175.5153,56.44,89,99,7.0,overcast clouds
149,Nizhniy Tsasuchey,RU,50.5167,115.1333,35.56,65,43,6.6,scattered clouds
150,Manta,EC,-0.95,-80.7333,80.38,74,75,10.36,broken clouds
151,Danville,US,36.586,-79.395,78.85,43,1,5.75,clear sky
152,Lebu,CL,-37.6167,-73.65,57.51,80,12,9.4,few clouds
153,Oktyabrskiy,RU,54.4815,53.471,37.85,83,10,5.19,clear sky
154,Carutapera,BR,-1.195,-46.02,83.86,72,16,9.35,few clouds
155,Tuatapere,NZ,-46.1333,167.6833,55.27,93,97,3.53,overcast clouds
156,Sumbawanga,TZ,-7.9667,31.6167,69.85,36,17,0.27,few clouds
157,Salinas,US,36.6777,-121.6555,66.99,69,100,13.51,overcast clouds
158,Provideniya,RU,64.3833,-173.3,24.91,58,0,8.95,clear sky
159,Barrow,US,71.2906,-156.7887,28.42,80,90,5.75,overcast clouds
160,Talnakh,RU,69.4865,88.3972,25.07,97,100,5.86,light snow
161,Banjarmasin,ID,-3.3244,114.591,77.14,93,95,1.61,overcast clouds
162,Los Llanos De Aridane,ES,28.6585,-17.9182,69.55,87,75,8.05,broken clouds
163,Labuan,MY,5.2767,115.2417,78.96,94,40,0.0,thunderstorm
164,Tunduma,TZ,-9.3,32.7667,68.43,32,9,5.3,clear sky
165,Port Hedland,AU,-20.3167,118.5667,69.85,60,7,4.61,clear sky
166,Bedele,ET,8.456,36.353,55.49,77,30,1.88,scattered clouds
167,Grindavik,IS,63.8424,-22.4338,46.87,93,75,6.91,broken clouds
168,Lompoc,US,34.6391,-120.4579,75.02,66,20,6.91,few clouds
169,Hovd,MN,48.0056,91.6419,33.15,32,0,2.51,clear sky
170,Orlik,RU,52.5178,99.825,29.01,81,100,5.5,overcast clouds
171,Challapata,BO,-18.9,-66.7667,65.73,7,47,24.54,scattered clouds
172,Taltal,CL,-25.4,-70.4833,63.0,70,24,3.87,few clouds
173,Sorong,ID,-0.8833,131.25,80.2,80,99,7.18,overcast clouds
174,Half Moon Bay,US,37.4636,-122.4286,64.89,93,90,24.16,fog
175,Guerrero Negro,MX,27.9769,-114.0611,71.38,55,0,14.5,clear sky
176,Zonguldak,TR,41.25,31.8333,45.95,87,100,3.83,overcast clouds
177,Cabo San Lucas,MX,22.8909,-109.9124,90.61,63,0,7.87,clear sky
178,Porangatu,BR,-13.4408,-49.1486,87.24,49,97,4.12,overcast clouds
179,Icod De Los Vinos,ES,28.3724,-16.7119,71.47,83,41,8.23,scattered clouds
180,Sangar,RU,63.9242,127.4739,20.21,96,100,6.53,light snow
181,Ouegoa,NC,-20.35,164.4333,74.62,77,6,11.52,clear sky
182,San Cristobal,VE,7.7669,-72.225,73.58,49,89,3.71,overcast clouds
183,Pitrufquen,CL,-38.9833,-72.65,59.02,77,90,10.36,overcast clouds
184,Gizo,SB,-8.103,156.8419,82.17,76,32,5.93,scattered clouds
185,Bolanos De Calatrava,ES,38.9069,-3.6635,62.73,48,5,3.36,clear sky
186,Nautla,MX,20.2167,-96.7833,83.89,73,94,6.71,overcast clouds
187,Jiexiu,CN,37.0244,111.9125,50.04,64,20,4.25,few clouds
188,Acapulco,MX,16.8634,-99.8901,80.94,82,100,11.3,overcast clouds
189,Pathein,MM,16.7833,94.7333,73.89,93,96,3.33,overcast clouds
190,Caohe,CN,30.2297,115.4335,56.01,69,100,1.63,light rain
191,Soyo,AO,-6.1349,12.3689,77.7,82,100,10.71,overcast clouds
192,Asau,RO,46.4333,26.4,39.96,70,13,1.25,few clouds
193,Tomatlan,MX,19.9333,-105.25,89.24,59,100,6.11,overcast clouds
194,Akureyri,IS,65.6835,-18.0878,37.33,100,75,6.91,broken clouds
195,Ulladulla,AU,-35.35,150.4667,50.9,85,70,1.21,broken clouds
196,Goksun,TR,38.021,36.4973,49.03,41,6,4.61,clear sky
197,Qandala,SO,11.472,49.8728,81.18,64,1,6.78,clear sky
198,Buta,CD,2.7858,24.73,70.27,99,100,2.21,light rain
199,Vilhena,BR,-12.7406,-60.1458,75.42,78,75,25.32,thunderstorm with light rain
200,Luneville,FR,48.6,6.5,47.62,87,0,5.39,clear sky
201,Beringovskiy,RU,63.05,179.3167,7.72,86,36,7.29,scattered clouds
202,Maputo,MZ,-25.9653,32.5892,68.23,69,100,8.01,overcast clouds
203,Aguada De Pasajeros,CU,22.385,-80.8508,87.93,59,100,10.29,overcast clouds
204,Saint George,US,37.1041,-113.5841,72.07,38,1,1.01,clear sky
205,Gilgit,PK,35.9221,74.3087,53.83,68,100,2.59,overcast clouds
206,Aklavik,CA,68.2191,-135.0107,22.03,100,75,4.61,mist
207,Yulara,AU,-25.2406,130.9889,60.64,51,0,8.05,clear sky
208,Sokoni,TZ,-6.4333,39.55,78.66,76,0,9.69,clear sky
209,Keningau,MY,5.3378,116.1602,73.85,99,100,0.45,overcast clouds
210,Olinda,BR,-8.0089,-34.8553,82.13,69,20,9.22,few clouds
211,Daru,PG,-9.0763,143.2092,79.23,86,83,9.6,broken clouds
212,Bilma,NE,18.6853,12.9164,87.37,11,4,7.54,clear sky
213,Clyde River,CA,70.4692,-68.5914,12.72,79,69,5.75,broken clouds
214,Aksu,CN,41.1231,80.2644,49.01,42,0,4.45,clear sky
215,Bairiki,KI,1.3292,172.9752,78.8,83,20,0.0,few clouds
216,Polis,CY,35.0367,32.4264,66.02,85,0,0.98,clear sky
217,Burnie,AU,-41.0667,145.9167,43.95,71,18,6.64,few clouds
218,Picos,BR,-7.0769,-41.4669,90.43,41,95,3.06,overcast clouds
219,Nioki,CD,-2.7167,17.6833,72.57,94,17,1.74,light rain
220,Vredendal,ZA,-31.6683,18.5012,63.72,57,0,7.85,clear sky
221,Les Cayes,HT,18.2,-73.75,84.13,67,23,9.84,few clouds
222,Minudasht,IR,37.2289,55.3747,59.07,73,72,2.62,broken clouds
223,Fort Saint James,CA,54.4333,-124.25,46.47,68,93,5.61,overcast clouds
224,Maralal,KE,1.0968,36.698,64.35,63,64,13.53,broken clouds
225,Abhar,IR,36.1468,49.218,48.4,64,0,4.61,clear sky
226,Oksfjord,NO,70.2396,22.3479,27.52,88,100,11.95,overcast clouds
227,Lavrentiya,RU,65.5833,-171.0,21.88,84,100,10.04,overcast clouds
228,Necochea,AR,-38.5473,-58.7368,65.3,44,3,10.36,clear sky
229,Palmer,US,42.1584,-72.3287,59.99,47,20,4.0,few clouds
230,Loandjili,CG,-4.7561,11.8578,80.71,83,90,10.36,overcast clouds
231,Bambanglipuro,ID,-7.95,110.2833,78.12,82,87,5.17,overcast clouds
232,Nchelenge,ZM,-9.3451,28.734,77.49,70,73,6.85,broken clouds
233,Flinders,AU,-34.5833,150.8552,56.8,86,3,1.01,clear sky
234,Baracoa,CU,20.3467,-74.4958,82.85,77,91,6.93,overcast clouds
235,Leh,IN,34.1667,77.5833,30.74,87,100,5.28,overcast clouds
236,Deputatskiy,RU,69.3,139.9,-0.92,98,100,1.21,overcast clouds
237,Ilulissat,GL,69.2167,-51.1,7.63,73,100,6.08,overcast clouds
238,Mitsamiouli,KM,-11.3847,43.2844,79.34,85,8,11.48,clear sky
239,Razole,IN,16.4833,81.8333,74.48,76,90,4.09,overcast clouds
240,Chuy,UY,-33.6971,-53.4616,68.29,48,0,11.16,clear sky
241,Riachao Das Neves,BR,-11.7461,-44.91,75.9,81,99,1.81,overcast clouds
242,Youkounkoun,GN,12.5333,-13.1333,83.64,64,94,1.54,overcast clouds
243,Abatskoye,RU,56.2875,70.4555,50.85,61,100,18.63,overcast clouds
244,Sao Filipe,CV,14.8961,-24.4956,79.63,67,27,8.03,scattered clouds
245,Ban Phai,TH,16.06,102.731,73.62,84,54,7.16,broken clouds
246,Sitka,US,57.0531,-135.33,46.29,66,40,3.44,scattered clouds
247,Bengkulu,ID,-3.8004,102.2655,75.47,89,100,5.37,moderate rain
248,Nanortalik,GL,60.1432,-45.2371,32.95,94,100,1.36,light snow
249,Liverpool,GB,53.4106,-2.9779,55.62,84,0,5.01,clear sky
250,Luderitz,NA,-26.6481,15.1594,61.75,63,0,13.38,clear sky
251,Hobyo,SO,5.3505,48.5268,79.88,80,88,11.16,overcast clouds
252,Cidreira,BR,-30.1811,-50.2056,67.14,54,0,10.94,clear sky
253,Luwuk,ID,-0.9516,122.7875,77.27,72,100,2.91,overcast clouds
254,Lagoa,PT,39.05,-27.9833,65.75,69,14,10.47,few clouds
255,The Valley,AI,18.217,-63.0578,84.34,79,40,16.11,scattered clouds
256,Santa Maria,BR,-29.6842,-53.8069,72.7,33,0,4.61,clear sky
257,Labuhan,ID,-6.8844,112.2051,78.69,83,56,6.38,broken clouds
258,Praia,CV,14.9215,-23.5087,79.34,73,20,19.57,few clouds
259,Saint-Philippe,RE,-21.3585,55.7679,72.99,85,43,15.99,scattered clouds
260,Leningradskiy,RU,69.3833,178.4167,8.49,94,100,6.55,overcast clouds
261,Mantua,IT,45.1667,10.7833,52.84,80,100,1.01,overcast clouds
262,Tual,ID,-5.6667,132.75,79.79,80,100,0.65,moderate rain
263,Odweyne,SO,9.4092,45.064,73.22,45,4,8.75,clear sky
264,Anadyr,RU,64.75,177.4833,3.7,85,75,4.47,broken clouds
265,Port-Gentil,GA,-0.7193,8.7815,80.56,83,40,10.36,scattered clouds
266,Mehamn,NO,71.0357,27.8492,30.38,68,77,6.98,broken clouds
267,Sinjar,IQ,36.3209,41.8754,67.03,17,4,7.94,clear sky
268,Castro,BR,-24.7911,-50.0119,61.36,87,95,3.42,overcast clouds
269,Olafsvik,IS,64.8945,-23.7142,42.6,90,100,18.39,moderate rain
270,Thompson,CA,55.7435,-97.8558,32.16,86,75,3.44,broken clouds
271,Ponta Do Sol,PT,32.6667,-17.1,71.71,71,77,6.44,broken clouds
272,Geraldton,AU,-28.7667,114.6,65.12,77,90,4.61,overcast clouds
273,Chandla,IN,25.0833,80.2,77.25,49,93,3.8,overcast clouds
274,Salekhard,RU,66.53,66.6019,20.39,87,69,9.33,broken clouds
275,Hervey Bay,AU,-25.2986,152.8535,76.03,91,15,12.95,few clouds
276,Upernavik,GL,72.7868,-56.1549,16.27,67,94,8.41,overcast clouds
277,Puli,TW,23.9664,120.9695,70.21,90,13,4.12,few clouds
278,Saint-Joseph,RE,-21.3667,55.6167,71.98,80,34,10.65,scattered clouds
279,Harper,LR,4.375,-7.7169,77.7,86,98,6.93,overcast clouds
280,Iringa,TZ,-7.7667,35.7,67.71,52,8,8.19,clear sky
281,Safranbolu,TR,41.2508,32.6942,49.28,91,100,3.85,overcast clouds
282,Hilo,US,19.7297,-155.09,79.29,90,45,1.99,scattered clouds
283,Brigantine,US,39.4101,-74.3646,65.03,66,44,8.34,scattered clouds
284,Stutterheim,ZA,-32.5708,27.424,47.73,88,72,4.07,broken clouds
285,Lahij,YE,13.1667,44.5833,78.13,64,11,4.5,few clouds
286,Sao Joao Da Barra,BR,-21.6403,-41.0511,80.69,88,100,11.52,moderate rain
287,Alyangula,AU,-13.8483,136.4192,73.27,100,42,0.0,scattered clouds
288,Nisia Floresta,BR,-6.0911,-35.2086,85.01,68,58,10.31,broken clouds
289,Ulverstone,AU,-41.15,146.1667,44.22,73,16,6.31,few clouds
290,Tortoli,IT,39.9256,9.6572,63.99,92,100,11.45,moderate rain
291,Ostroh,UA,50.3294,26.5143,36.39,71,64,3.18,broken clouds
292,Elk City,US,35.412,-99.4043,72.28,46,1,12.66,clear sky
293,Kholm-Zhirkovskiy,RU,55.5189,33.4731,29.7,90,19,6.53,few clouds
294,Bethel,US,41.3712,-73.414,58.68,68,100,5.03,overcast clouds
295,Norden,DE,53.6,7.2,46.94,83,15,3.0,few clouds
296,Kruisfontein,ZA,-34.0033,24.7314,53.89,78,0,3.33,clear sky
297,Codrington,AU,-38.2667,141.9667,50.27,65,100,9.78,overcast clouds
298,Mananjary,MG,-21.2167,48.3333,76.71,89,55,13.22,broken clouds
299,Fortuna,US,40.5982,-124.1573,57.36,74,75,5.01,broken clouds
300,West Wendover,US,40.7391,-114.0733,45.61,81,75,8.05,light rain
301,Lisala,CD,2.15,21.5167,69.37,99,100,3.44,light rain
302,Staryy Nadym,RU,65.6118,72.6842,24.26,83,17,15.86,few clouds
303,Althofen,AT,46.8818,14.4676,41.05,93,0,1.95,clear sky
304,Lulea,SE,65.5842,22.1547,39.27,93,75,10.36,broken clouds
305,Goundi,TD,9.3627,17.366,77.68,71,58,2.39,broken clouds
306,Mangrol,IN,21.1167,70.1167,79.32,64,0,6.04,clear sky
307,Naryan-Mar,RU,67.6713,53.087,19.26,97,77,2.44,broken clouds
308,Roma,US,43.2128,-75.4557,58.12,60,53,1.01,broken clouds
309,Virginia Beach,US,36.8529,-75.978,78.04,59,20,9.22,few clouds
310,Tibagi,BR,-24.5094,-50.4136,64.9,89,100,2.24,overcast clouds
311,Luchegorsk,RU,46.4764,134.2569,36.32,75,3,3.87,clear sky
312,Sao Felix Do Xingu,BR,-6.6447,-51.995,86.72,57,81,3.42,broken clouds
313,Esperance,AU,-33.8667,121.9,67.84,35,100,21.5,overcast clouds
314,Eyl,SO,7.9803,49.8164,78.17,78,68,9.42,broken clouds
315,Whitianga,NZ,-36.8333,175.7,61.02,98,100,7.67,overcast clouds
316,Galeana,MX,24.8333,-100.0667,80.31,32,100,5.12,overcast clouds
317,Swan Hill,AU,-35.3378,143.5544,38.93,83,0,6.93,clear sky
318,Kaitangata,NZ,-46.2817,169.8464,53.8,85,100,0.25,overcast clouds
319,Lodja,CD,-3.4833,23.4333,70.9,99,52,2.1,broken clouds
320,Nome,US,64.5011,-165.4064,25.11,95,100,2.68,light snow
321,Kongoussi,BF,13.3258,-1.5347,85.19,48,79,4.34,broken clouds
322,Ambositra,MG,-20.5167,47.25,62.92,89,5,1.36,clear sky
323,Okhotsk,RU,59.3833,143.3,17.49,85,68,8.21,broken clouds
324,Ordu,TR,40.9086,37.6845,44.53,95,100,7.67,light rain
325,Mogadishu,SO,2.0371,45.3438,79.86,80,24,14.52,few clouds
326,Labytnangi,RU,66.6572,66.4183,19.02,87,71,9.66,broken clouds
327,Kaihua,CN,23.3687,104.28,55.4,94,100,2.53,overcast clouds
328,Villa Carlos Paz,AR,-31.4241,-64.4978,82.38,29,0,15.99,clear sky
329,Ilo,PE,-17.6394,-71.3375,63.19,75,1,5.88,clear sky
330,Manaure,CO,11.7751,-72.4445,90.79,53,46,17.11,scattered clouds
331,Beyneu,KZ,45.3167,55.2,55.58,36,99,9.22,overcast clouds
332,Honiara,SB,-9.4333,159.95,79.52,83,7,2.89,clear sky
333,Kirakira,SB,-10.4544,161.9205,80.87,82,17,7.87,few clouds
334,Santa Isabel Do Rio Negro,BR,-0.4139,-65.0192,85.6,69,100,1.74,overcast clouds
335,Vila Franca Do Campo,PT,37.7167,-25.4333,64.81,74,5,6.15,clear sky
336,Nioro,GM,13.35,-15.75,82.53,74,100,4.63,overcast clouds
337,Barcelos,PT,41.5388,-8.6151,62.85,72,97,0.78,overcast clouds
338,Fez,MA,34.0372,-4.9998,69.91,39,0,4.61,clear sky
339,Nouadhibou,MR,20.931,-17.0347,71.58,68,93,18.41,overcast clouds
340,La Ronge,CA,55.1001,-105.2842,39.45,75,75,17.27,broken clouds
341,Gazanjyk,TM,39.2446,55.5154,58.62,65,0,7.65,clear sky
342,Kattivakkam,IN,13.2167,80.3167,80.69,80,82,7.63,broken clouds
343,Poum,NC,-20.2333,164.0167,74.14,79,14,9.46,few clouds
344,Sinnamary,GF,5.3833,-52.95,80.92,82,100,11.65,overcast clouds
345,Camacha,PT,33.0833,-16.3333,67.42,56,40,8.05,scattered clouds
346,Rancho Palos Verdes,US,33.7445,-118.387,72.46,76,100,5.01,overcast clouds
347,Zholymbet,KZ,51.7433,71.7122,44.64,48,100,15.61,overcast clouds
348,Natchez,US,31.5604,-91.4032,83.64,63,40,11.5,scattered clouds
349,Kokopo,PG,-4.352,152.2633,76.69,77,100,3.42,overcast clouds
350,Trincomalee,LK,8.5711,81.2335,79.21,80,100,6.91,overcast clouds
351,Sao Gabriel Da Cachoeira,BR,-0.1303,-67.0892,93.0,59,40,2.3,scattered clouds
352,Asekeyevo,RU,53.5742,52.7972,39.94,80,88,3.71,overcast clouds
353,Rochegda,RU,62.8,43.25,28.2,90,57,7.27,broken clouds
354,Stokmarknes,NO,68.5646,14.9108,41.49,65,75,8.05,broken clouds
355,Valparaiso,CL,-33.0393,-71.6273,85.64,31,0,27.63,clear sky
356,Manokwari,ID,-0.8667,134.0833,77.97,75,100,2.08,overcast clouds
357,Butajira,ET,8.1167,38.3667,58.75,43,34,6.17,scattered clouds
358,Port Hardy,CA,50.6996,-127.4199,55.58,67,75,33.38,light intensity shower rain
359,Najran,SA,17.4924,44.1277,68.65,23,6,2.19,clear sky
360,Maarianhamina,AX,60.0973,19.9348,48.06,87,90,11.5,overcast clouds
361,Port Blair,IN,11.6667,92.75,78.84,89,40,2.3,mist
362,Santa Rosa,PH,14.3122,121.1114,78.78,86,92,7.9,overcast clouds
363,Stornoway,GB,58.2093,-6.3865,49.96,87,40,13.8,scattered clouds
364,Ust-Ilimsk,RU,58.0006,102.6619,38.5,96,100,13.82,light rain
365,Fort Nelson,CA,58.8053,-122.7002,27.99,100,40,3.44,scattered clouds
366,Hualmay,PE,-11.0964,-77.6139,67.93,71,15,10.76,few clouds
367,Souillac,MU,-20.5167,57.5167,75.36,78,40,12.66,scattered clouds
368,Luba,GQ,3.4568,8.5547,79.61,87,33,5.7,scattered clouds
369,Prince Rupert,CA,54.3161,-130.3201,49.69,72,100,5.75,overcast clouds
370,Kamenka,RU,51.3223,42.7678,38.84,91,98,12.93,overcast clouds
371,Boa Vista,BR,2.8197,-60.6733,93.18,46,40,9.22,scattered clouds
372,Florianopolis,BR,-27.6146,-48.5012,71.26,45,0,5.01,clear sky
373,Beni,CD,0.5,29.4667,62.89,98,86,2.48,overcast clouds
374,Kaeo,NZ,-35.1,173.7833,61.32,98,8,2.35,clear sky
375,Oranjestad,AW,12.524,-70.027,87.75,62,20,20.71,few clouds
376,Pierre,US,44.3683,-100.351,45.28,87,100,5.99,overcast clouds
377,Amazar,RU,53.858,120.875,31.23,90,67,1.79,broken clouds
378,Sterling,US,39.0062,-77.4286,73.54,64,1,1.99,clear sky
379,Rio Gallegos,AR,-51.6226,-69.2181,51.85,40,40,37.98,scattered clouds
380,Albertville,US,34.2676,-86.2089,76.42,53,1,3.0,clear sky
381,Narsaq,GL,60.9167,-46.05,29.88,53,100,6.04,overcast clouds
382,Pisco,PE,-13.7,-76.2167,69.85,60,0,18.41,clear sky
383,Suamico,US,44.6319,-88.0393,51.19,66,94,5.01,overcast clouds
384,Kartaly,RU,53.0522,60.6467,47.53,84,100,9.1,overcast clouds
385,Copiapo,CL,-27.3667,-70.3333,62.29,24,0,8.79,clear sky
386,Pangnirtung,CA,66.1451,-65.7125,28.4,86,75,4.61,broken clouds
387,Wagar,SD,16.1525,36.2032,84.81,48,6,14.65,clear sky
388,Yining,CN,29.0361,114.5636,51.33,89,37,0.98,light rain
389,Blackwater,AU,-23.5833,148.8833,72.61,67,79,5.61,broken clouds
390,Abu Samrah,SY,35.3029,37.1841,65.41,60,0,4.79,clear sky
391,Nagutskoye,RU,44.4415,42.8762,50.22,93,100,2.82,light rain
392,Mankono,CI,8.0586,-6.1897,74.64,89,94,3.27,light rain
393,Douglas,US,41.3,-96.167,51.62,96,90,1.01,heavy intensity rain
394,Miami,US,25.7743,-80.1937,87.01,77,90,1.99,overcast clouds
395,Yarmouth,US,41.7057,-70.2286,58.96,52,1,10.0,clear sky
396,Mao,ES,39.8885,4.2658,63.16,94,20,6.91,few clouds
397,Phan Thiet,VN,10.9333,108.1,76.48,89,100,3.2,overcast clouds
398,State College,US,40.7934,-77.86,58.41,80,90,1.01,overcast clouds
399,Bredy,RU,52.4153,60.3411,48.94,89,100,10.6,overcast clouds
400,Mbaiki,CF,3.8678,17.9892,72.0,97,100,1.05,light rain
401,Zacualtipan,MX,20.65,-98.6,74.79,51,25,6.91,scattered clouds
402,Derzhavinsk,KZ,51.1,66.3167,45.95,42,100,15.52,overcast clouds
403,Dicabisagan,PH,17.0818,122.4157,76.98,89,100,5.93,overcast clouds
404,Auch,FR,43.65,0.5833,58.33,85,0,3.22,clear sky
405,Jimeta,NG,9.2833,12.4667,82.67,57,78,4.07,broken clouds
406,Dinahican,PH,14.7167,121.7167,78.8,87,100,12.91,overcast clouds
407,Panaba,MX,21.2833,-88.2667,90.63,53,99,12.53,overcast clouds
408,Mount Isa,AU,-20.7333,139.5,74.97,60,100,3.44,overcast clouds
409,Mackay,AU,-21.15,149.2,75.69,83,80,6.91,broken clouds
410,Pavino,RU,59.1139,46.1414,30.65,88,100,10.29,light snow
411,Sibolga,ID,1.7427,98.7792,74.84,90,98,1.83,overcast clouds
412,Dandong,CN,40.1292,124.3947,45.05,85,0,2.75,clear sky
413,Antalaha,MG,-14.9003,50.2788,74.89,90,100,3.85,light rain
414,Sortland,NO,68.6949,15.4162,40.95,75,100,4.14,overcast clouds
415,Boyuibe,BO,-20.4167,-63.2833,82.24,21,1,10.76,clear sky
416,Shingu,JP,33.7333,135.9833,60.75,92,100,5.3,overcast clouds
417,Puerto Escondido,MX,15.85,-97.0667,84.76,68,100,6.44,overcast clouds
418,Dahegam,IN,23.1667,72.8167,76.77,66,10,5.17,clear sky
419,Brownsville,US,25.9018,-97.4975,91.51,66,77,7.0,broken clouds
420,Tabou,CI,4.423,-7.3528,77.74,84,86,7.0,overcast clouds
421,Iquique,CL,-20.2208,-70.1431,64.44,70,15,6.58,few clouds
422,Kostomuksha,RU,64.571,30.5767,24.6,94,100,5.7,overcast clouds
423,Benguela,AO,-12.5763,13.4055,74.46,73,100,4.29,overcast clouds
424,Lodwar,KE,3.1191,35.5973,88.77,35,17,20.15,few clouds
425,Vao,NC,-22.6667,167.4833,70.48,69,51,11.16,broken clouds
426,Ugoofaaru,MV,5.6667,73.0,82.54,77,75,16.26,broken clouds
427,Saint-Augustin,CA,51.226,-58.6502,45.27,89,100,23.02,overcast clouds
428,Mattru,SL,7.6244,-11.8332,74.93,96,100,3.06,overcast clouds
429,Wahpeton,US,46.2652,-96.6059,48.02,61,90,9.22,overcast clouds
430,Prado,BR,-17.3411,-39.2208,78.76,82,0,12.66,clear sky
431,Dongsheng,CN,39.8161,109.9776,43.54,40,100,6.93,overcast clouds
432,Mareeba,AU,-17.0,145.4333,65.44,95,12,3.06,few clouds
433,Oranjemund,NA,-28.55,16.4333,60.64,71,0,24.23,clear sky
434,Avera,US,33.194,-82.5271,78.91,34,80,7.07,broken clouds
435,Debre Birhan,ET,9.6833,39.5333,46.98,55,8,4.83,clear sky
436,Kuytun,RU,54.3419,101.5036,39.96,73,100,13.38,overcast clouds
437,Sheridan,US,44.8333,-106.9173,60.31,34,14,1.99,few clouds
438,Port Macquarie,AU,-31.4333,152.9167,59.9,94,75,1.14,broken clouds
439,Pacific Grove,US,36.6177,-121.9166,66.58,88,100,5.99,overcast clouds
440,Zemio,CF,5.0314,25.1361,74.35,83,43,1.03,light rain
441,Portland,US,45.5234,-122.6762,59.09,84,90,5.99,overcast clouds
442,Teguldet,RU,57.3064,88.1667,39.34,89,75,8.43,broken clouds
443,Sur,OM,22.5667,59.5289,82.33,59,0,7.54,clear sky
444,Asfi,MA,32.2994,-9.2372,68.11,77,100,12.64,overcast clouds
445,Chitral,PK,35.8462,71.7858,50.04,61,92,1.32,overcast clouds
446,Hamilton,US,39.1834,-84.5333,68.99,96,75,1.01,broken clouds
447,Te Anau,NZ,-45.4167,167.7167,52.65,96,100,0.76,moderate rain
448,Pangai,TO,-19.8,-174.35,77.11,57,20,16.11,few clouds
449,Mnogovershinnyy,RU,53.9353,139.9242,29.21,88,82,4.7,broken clouds
450,Dingle,PH,10.9995,122.6711,75.24,93,97,3.18,overcast clouds
451,Mandalgovi,MN,45.7625,106.2708,34.77,44,31,11.27,scattered clouds
452,Marzuq,YE,14.4,46.4667,72.91,22,4,0.81,clear sky
453,Vidim,RU,56.4088,103.1106,38.39,93,100,12.41,light rain
454,Byron Bay,AU,-28.65,153.6167,69.87,85,66,4.63,broken clouds
455,Torbay,CA,47.6666,-52.7314,58.68,90,20,16.11,very heavy rain
456,Aswan,EG,24.0934,32.907,78.1,25,0,8.05,clear sky
457,Beni Suef,EG,29.0731,31.0979,70.75,46,0,14.74,clear sky
458,Shache,CN,38.4167,77.2406,46.49,35,81,2.26,broken clouds
459,Konstantinovka,RU,49.6167,127.9833,38.03,67,23,7.94,few clouds
460,Berlevag,NO,70.8578,29.0864,30.15,86,75,10.36,broken clouds
461,Ouango,CF,4.3133,22.5552,70.38,99,100,2.06,moderate rain
462,Dhidhdhoo,MV,6.8833,73.1,81.91,79,99,12.86,overcast clouds
463,Glencoe,ZA,-28.1783,30.147,49.1,87,100,4.83,light rain
464,Fairbanks,US,64.8378,-147.7164,27.23,90,90,0.0,mist
465,Puerto Colombia,CO,10.9878,-74.9547,80.69,75,86,6.53,overcast clouds
466,Mumford,GH,5.2618,-0.759,78.44,86,34,7.43,light rain
467,Kijang,KR,35.2442,129.2139,49.73,58,100,4.43,overcast clouds
468,Along,IN,28.1667,94.7667,61.88,88,12,1.81,few clouds
469,Wuning,CN,29.2589,120.2311,52.0,95,0,1.16,clear sky
470,The Hague,NL,52.0767,4.2986,51.91,83,14,3.0,few clouds
471,Lardos,GR,36.0942,28.0157,71.42,70,9,10.25,clear sky
472,Bagdarin,RU,54.4333,113.6,28.9,71,17,3.13,few clouds
473,Nanchang,CN,28.6833,115.8833,56.5,73,13,4.72,light rain
474,Whitehaven,GB,54.549,-3.5841,54.66,93,63,13.0,broken clouds
475,Santa Vitoria,BR,-18.8386,-50.1214,72.03,75,100,2.53,overcast clouds
476,Yuancheng,CN,36.652,107.7896,46.0,85,82,2.53,broken clouds
477,Bintulu,MY,3.1667,113.0333,77.41,100,40,1.99,scattered clouds
478,El Paraiso,HN,13.8667,-86.55,82.6,58,96,2.89,overcast clouds
479,Mecca,SA,21.4267,39.8261,80.6,59,0,2.24,clear sky
480,Soldotna,US,60.4878,-151.0583,45.07,89,83,1.28,broken clouds
481,Touros,BR,-5.1989,-35.4608,85.1,71,22,13.94,few clouds
482,San Jose,US,37.3394,-121.895,65.48,83,90,1.01,light rain
483,Kavieng,PG,-2.5744,150.7967,82.18,74,59,11.9,broken clouds
484,Ayan,RU,56.45,138.1667,39.2,75,77,6.91,broken clouds
485,Jalu,LY,29.0331,21.5482,76.78,28,33,10.29,scattered clouds
486,Aviles,ES,43.5547,-5.9248,60.19,89,75,4.0,broken clouds
487,Basco,PH,20.4487,121.9702,79.97,78,9,14.56,clear sky
488,Husavik,IS,66.0449,-17.3389,37.31,98,100,12.37,overcast clouds
489,Dunedin,NZ,-45.8742,170.5036,58.8,90,96,3.0,overcast clouds
490,Jamame,SO,0.0722,42.7506,77.41,86,48,7.81,scattered clouds
491,Elko,US,41.0002,-115.5012,50.23,87,100,8.99,light rain
492,Khalilabad,IN,26.775,83.0736,72.05,63,0,5.08,clear sky
493,Ust-Nera,RU,64.5667,143.2,7.97,97,99,6.53,overcast clouds
494,Jumla,NP,29.2747,82.1838,43.83,83,0,4.23,clear sky
495,Pasighat,IN,28.0667,95.3333,67.87,81,3,3.44,clear sky
496,Lincoln,US,40.8,-96.667,51.75,96,90,1.99,heavy intensity rain
497,Gamba,GA,-2.65,10.0,77.16,88,100,4.32,overcast clouds
498,Chicama,PE,-7.8447,-79.1469,63.14,60,11,10.56,few clouds
499,Salalah,OM,17.0151,54.0924,76.96,78,31,3.36,scattered clouds
500,Delray Beach,US,26.4615,-80.0728,85.01,85,40,1.01,scattered clouds
501,Podujevo,XK,42.9106,21.1931,39.4,78,0,3.8,clear sky
502,San Andres,CO,12.5847,-81.7006,87.82,74,40,8.05,scattered clouds
503,Laguna,US,38.421,-121.4238,64.45,91,90,5.01,heavy intensity rain
504,Noumea,NC,-22.2763,166.4572,73.99,99,18,8.12,few clouds
505,Vardo,NO,70.3705,31.1107,30.18,80,40,4.61,light snow
506,Eagle Pass,US,28.7091,-100.4995,92.25,55,0,1.68,clear sky
507,Fremont,US,37.5483,-121.9886,65.5,84,90,10.0,mist
508,Dwarka,IN,22.2394,68.9678,80.15,57,0,9.78,clear sky
509,Rawson,AR,-43.3002,-65.1023,77.9,21,99,37.07,overcast clouds
510,Ostrovnoy,RU,68.0531,39.5131,34.39,66,84,20.65,light rain
511,Maumere,ID,-8.6199,122.2111,79.34,82,59,1.32,broken clouds
512,Comodoro Rivadavia,AR,-45.8667,-67.5,71.46,26,100,54.09,dust
513,Sabzevar,IR,36.2126,57.6819,58.26,18,74,4.36,broken clouds
514,Yinchuan,CN,38.4681,106.2731,50.9,43,53,1.25,broken clouds
515,Petropavlovsk-Kamchatskiy,RU,53.0452,158.6483,19.99,86,0,8.95,clear sky
516,Yar-Sale,RU,66.8333,70.8333,24.24,77,36,16.33,scattered clouds
517,Praia Da Vitoria,PT,38.7333,-27.0667,66.76,77,20,11.01,few clouds
518,Baft,IR,29.234,56.6057,50.29,40,0,1.21,clear sky
519,Bealanana,MG,-14.55,48.7333,65.41,95,100,3.27,light rain
520,Kaili,ID,-3.4626,120.2147,68.45,82,100,2.3,overcast clouds
521,Moron,AR,-34.6534,-58.6198,78.49,26,0,5.99,clear sky
522,Bambari,CF,5.768,20.6757,74.48,92,100,3.76,light rain
523,Kuusankoski,FI,60.907,26.6244,33.42,99,90,3.0,overcast clouds
524,Bambous Virieux,MU,-20.3428,57.7575,75.22,78,40,12.66,scattered clouds
525,San Francisco,US,37.7749,-122.4194,64.94,93,90,7.0,moderate rain
526,Nemuro,JP,43.3236,145.575,50.13,74,0,3.29,clear sky
527,Midyat,TR,37.4247,41.3393,43.52,19,0,5.03,clear sky
528,Marawi,PH,7.9986,124.2928,65.64,91,100,2.48,overcast clouds
529,Namatanai,PG,-3.6667,152.4333,79.3,80,84,5.73,broken clouds
530,Atbasar,KZ,51.8,68.3333,45.3,41,100,15.12,overcast clouds
531,Saint-Louis,SN,16.3333,-15.0,96.44,46,54,16.06,broken clouds
532,Verkhoshizhemye,RU,58.011,49.1038,36.41,92,100,6.31,light rain
533,Northam,GB,51.0333,-4.2167,57.09,91,7,12.93,clear sky
534,Strezhevoy,RU,60.7333,77.5889,26.58,90,100,3.96,overcast clouds
535,Lamont,US,35.2597,-118.9143,82.81,36,100,3.67,overcast clouds
536,Inskoy,RU,54.4297,86.44,42.78,74,100,14.65,overcast clouds
537,Bereslavka,RU,48.6254,44.0449,41.77,46,100,8.75,overcast clouds
538,Talcahuano,CL,-36.7167,-73.1167,62.28,67,0,17.27,clear sky
539,Ceuta,ES,35.8903,-5.3075,69.91,83,77,14.29,broken clouds
540,Camocim,BR,-2.9022,-40.8411,85.46,62,77,15.48,broken clouds
541,Nelson Bay,AU,-32.7167,152.15,58.95,94,43,3.27,scattered clouds
542,Tierra Colorada,MX,17.1667,-99.5833,73.96,79,100,3.2,overcast clouds
543,Solnechnyy,RU,50.7214,136.6319,32.56,87,9,4.14,clear sky
544,San Juan,AR,-31.5375,-68.5364,85.59,11,0,5.41,clear sky
545,Tuscaloosa,US,33.2098,-87.5692,73.78,70,100,6.17,overcast clouds
546,Lata,PT,40.1629,-8.3327,58.06,69,0,1.23,clear sky
547,Hohhot,CN,40.8106,111.6522,34.09,80,100,4.47,overcast clouds
548,Karatuzskoye,RU,53.6072,92.8667,43.0,84,100,12.39,overcast clouds
549,Lake Forest,US,33.647,-117.6892,75.06,63,92,1.99,overcast clouds
550,Hay River,CA,60.8156,-115.7999,42.78,81,75,11.5,broken clouds
551,Beian,NO,63.6559,9.5683,48.0,93,75,19.57,broken clouds
552,Athabasca,CA,54.7169,-113.2854,41.83,81,100,7.67,overcast clouds
553,Capitao Poco,BR,-1.7464,-47.0594,87.21,58,8,3.6,clear sky
554,Revelstoke,CA,50.9832,-118.2023,50.02,81,75,2.3,broken clouds
555,Porto Novo,BJ,6.4965,2.6036,82.22,81,37,4.61,scattered clouds
556,Berdigestyakh,RU,62.0989,126.6992,30.09,98,100,5.86,light snow
557,Chumikan,RU,54.7183,135.315,36.07,83,100,16.91,overcast clouds
558,Hinton,CA,53.4001,-117.5857,51.84,47,54,6.98,broken clouds
559,San Quintin,MX,30.4833,-115.95,67.96,64,29,15.23,scattered clouds
560,Henderson,US,36.0397,-114.9819,74.98,29,1,14.97,clear sky
561,Olga,RU,43.7444,135.2892,39.52,61,0,4.88,clear sky
562,Finschhafen,PG,-6.6024,147.8681,78.49,76,83,6.15,broken clouds
563,Isangel,VU,-19.55,169.2667,69.91,94,17,2.3,few clouds
564,Konosha,RU,60.9736,40.257,24.84,95,12,5.17,few clouds
565,Hambantota,LK,6.1241,81.1185,79.59,78,100,8.1,moderate rain
566,Samarai,PG,-10.6167,150.6667,80.56,82,77,10.8,broken clouds
567,Rengo,CL,-34.4167,-70.8667,79.12,22,0,8.43,clear sky
568,Yaan,NG,7.3833,8.5667,78.4,73,64,2.51,broken clouds
569,Helena,US,46.5927,-112.0361,59.31,41,100,8.99,overcast clouds
570,Griffith,US,41.5284,-87.4237,51.96,95,90,1.99,moderate rain
571,Celestun,MX,20.8667,-90.4,85.71,70,79,9.71,broken clouds
572,Morales,CO,2.757,-76.6172,70.18,82,99,3.76,overcast clouds
573,Pelotas,BR,-31.7719,-52.3425,73.42,31,0,6.91,clear sky
574,Biak,ID,-0.9131,122.8766,76.21,74,100,3.11,overcast clouds
575,Matamoros,MX,25.5333,-103.25,86.11,22,0,4.9,clear sky
576,Cayenne,GF,4.9333,-52.3333,84.24,85,20,5.99,few clouds
577,Hudson Bay,CA,52.85,-102.3842,45.46,49,6,10.29,clear sky
578,West Plains,US,36.7281,-91.8524,79.56,63,40,1.99,scattered clouds
579,Namibe,AO,-15.1961,12.1522,64.78,82,0,8.41,clear sky
580,Petropavlovka,RU,50.6114,105.3196,34.36,63,17,3.53,few clouds
581,Winona,US,43.9666,-91.7668,48.49,61,1,11.5,clear sky
582,Scottsbluff,US,41.8666,-103.6672,61.23,44,0,7.0,clear sky
583,Komsomolskiy,UZ,40.4272,71.7189,45.32,57,0,6.91,clear sky
584,Maposeni,TZ,-10.5833,35.4,76.5,36,16,7.02,few clouds
585,Kosa,RU,59.9445,54.9977,34.72,99,100,5.7,overcast clouds
586,Parana,AR,-31.732,-60.5238,82.56,21,0,4.65,clear sky
587,Esna,EG,25.2934,32.554,75.22,27,0,11.18,clear sky
588,Alofi,NU,-19.0595,-169.9187,76.89,61,97,14.97,overcast clouds
589,Rurrenabaque,BO,-14.4413,-67.5278,66.69,99,100,3.0,moderate rain
590,Estevan,CA,49.1334,-102.9842,39.54,93,90,13.8,overcast clouds
591,Nouakchott,MR,18.0858,-15.9785,79.93,63,99,17.74,overcast clouds
592,Emerald,AU,-23.5333,148.1667,73.54,68,49,3.44,scattered clouds
593,Narrabri,AU,-30.3167,149.7833,55.53,54,2,9.22,clear sky
594,Zacualpan,MX,21.25,-105.1667,86.72,69,76,8.88,broken clouds
595,Altar,MX,30.7,-111.8167,86.61,33,44,12.08,scattered clouds
596,Preobrazheniye,RU,42.9019,133.9064,45.82,60,0,6.49,clear sky
597,Iberia,US,29.9502,-91.7507,83.05,61,30,16.71,scattered clouds
598,Erzin,TR,36.9559,36.2,55.92,75,1,1.81,clear sky
599,Kolokani,ML,13.5728,-8.0339,83.98,47,47,5.01,scattered clouds
600,Ruteng,ID,-8.6136,120.4721,62.8,94,100,0.56,overcast clouds
601,Laela,TZ,-8.5667,32.05,73.76,36,46,1.32,scattered clouds
602,Shimoda,JP,34.6667,138.95,58.1,64,97,14.09,overcast clouds
603,Trat,TH,12.5,102.5,75.16,88,100,8.99,light rain
604,Toktogul,KG,41.8708,72.9402,47.73,34,0,3.69,clear sky
605,Sumbe,AO,-11.2061,13.8437,76.15,75,100,9.91,overcast clouds
606,Monroe,US,43.1501,-77.6831,58.08,65,75,10.36,broken clouds
607,Qui Nhon,VN,13.7667,109.2333,77.92,87,100,19.01,overcast clouds
608,Cockburn Town,TC,21.4612,-71.1419,84.16,65,40,13.8,scattered clouds
609,Nokaneng,BW,-19.6667,22.2667,74.64,59,64,3.06,broken clouds
610,Mananara,MG,-16.1667,49.7667,74.53,94,58,4.47,light rain
611,Pakxe,LA,15.1167,105.7833,69.04,91,96,4.23,overcast clouds
612,Tefe,BR,-3.3542,-64.7114,95.11,59,40,3.44,scattered clouds
613,Paita,PE,-5.0892,-81.1144,75.76,73,22,17.85,few clouds
614,Ketchikan,US,55.3422,-131.6461,46.36,69,63,9.37,broken clouds
615,Scarborough,GB,54.2797,-0.4044,55.08,87,46,1.99,scattered clouds
616,Bela,IN,25.9333,81.9833,72.88,65,0,5.26,clear sky
617,Pailitas,CO,8.9565,-73.6255,86.0,75,95,3.49,overcast clouds
618,Soc Trang,VN,9.6033,105.98,75.16,93,100,4.23,overcast clouds
619,Itoman,JP,26.1247,127.6694,73.42,86,20,6.91,few clouds
620,Paamiut,GL,61.994,-49.6678,31.17,43,0,15.48,clear sky
621,Porto Velho,BR,-8.7619,-63.9039,95.05,43,40,4.61,scattered clouds
622,Kapit,MY,2.0167,112.9333,72.68,100,69,0.83,broken clouds
623,Henties Bay,NA,-22.116,14.2845,59.86,90,0,2.19,clear sky
624,Gimli,CA,50.6336,-96.9907,43.43,70,7,8.05,clear sky
625,Lyubashivka,UA,47.8372,30.2598,41.09,59,59,8.34,broken clouds
626,Paranagua,BR,-25.52,-48.5092,80.29,97,100,4.32,overcast clouds
627,Gornyak,RU,50.9942,81.4661,42.96,48,46,14.5,scattered clouds
628,Richards Bay,ZA,-28.783,32.0377,64.49,66,80,6.15,broken clouds
629,Myrtle Beach,US,33.6891,-78.8867,80.98,70,100,1.01,overcast clouds
630,Huilong,CN,31.8111,121.655,64.99,69,1,7.16,clear sky
631,Yerbogachen,RU,61.2767,108.0108,34.41,98,100,9.31,light rain
632,Antofagasta,CL,-23.65,-70.4,61.88,71,16,7.94,few clouds
633,Urman,RU,54.8831,56.8742,38.01,91,70,4.32,broken clouds
634,Deep River,CA,46.1001,-77.4995,51.55,66,99,3.74,overcast clouds
635,Hasaki,JP,35.7333,140.8333,48.6,53,11,6.64,few clouds
636,Cabedelo,BR,-6.9811,-34.8339,84.87,68,99,10.65,overcast clouds
637,Zhigansk,RU,66.7697,123.3711,16.48,95,99,6.17,overcast clouds
638,Mocuba,MZ,-16.8392,36.9856,81.01,54,6,5.97,clear sky
639,Salcedo,PH,12.8105,121.4674,76.6,91,100,3.91,overcast clouds
640,Cocorit,MX,27.5833,-109.9667,91.29,37,0,13.31,clear sky
641,Garowe,SO,8.4054,48.4845,75.76,72,42,14.88,scattered clouds
642,Kavaratti,IN,10.5669,72.642,81.75,75,63,6.98,broken clouds
643,Naze,JP,28.3667,129.4833,70.14,79,63,12.55,broken clouds
644,Boshnyakovo,RU,49.6333,142.1667,37.45,75,5,8.57,clear sky
645,Marquette,US,46.5333,-87.6335,45.77,77,85,8.43,overcast clouds
646,Angoche,MZ,-16.2325,39.9086,78.58,80,3,14.34,clear sky
647,Gornopravdinsk,RU,60.05,69.9,37.38,97,100,3.65,light rain
648,Upata,VE,8.0086,-62.3989,73.18,82,100,4.34,light rain
649,Tezu,IN,27.9167,96.1667,69.55,70,27,3.49,scattered clouds
650,Keti Bandar,PK,24.1447,67.4497,78.53,56,0,6.98,clear sky
651,Aguimes,ES,27.9054,-15.4461,69.66,69,20,11.5,few clouds
652,Tura,IN,25.5198,90.2201,67.1,93,0,2.98,clear sky
653,Rock Island,US,41.45,-90.5168,51.66,83,90,21.85,heavy intensity rain
654,Drayton Valley,CA,53.2168,-114.9854,45.91,62,14,12.84,few clouds
655,Viedma,AR,-40.8135,-62.9967,81.73,18,1,29.17,clear sky
656,La Paz Centro,NI,12.34,-86.6753,89.46,64,31,0.87,scattered clouds
657,Mama,RU,58.3106,112.8986,35.47,98,100,6.35,light rain
658,Taft,IR,31.7471,54.2088,57.15,20,0,9.22,clear sky
659,Asyut,EG,27.181,31.1837,69.98,39,0,10.0,clear sky
660,Miranda,CO,3.2499,-76.2281,82.53,73,100,0.81,overcast clouds
661,Neepawa,CA,50.2289,-99.4664,41.81,51,100,9.84,overcast clouds
662,Ulenje,TZ,-8.9333,33.6833,64.11,46,4,4.59,clear sky
663,Cayambe,EC,0.05,-78.1333,60.06,73,98,1.77,moderate rain
664,Sandovo,RU,58.4602,36.4128,28.65,86,27,6.29,scattered clouds
665,Quimper,FR,48.0,-4.1,57.88,100,90,3.44,overcast clouds
666,Kasongo-Lunda,CD,-6.4667,16.8167,73.11,88,100,1.39,light rain
667,Urusha,RU,54.05,122.9,29.93,92,65,0.29,broken clouds
668,Cedral,MX,23.8,-100.7333,78.85,30,97,3.94,overcast clouds
669,Pishin,PK,30.5803,66.9961,53.08,27,0,3.02,clear sky
670,Mazamet,FR,43.49,2.373,57.58,89,0,8.05,clear sky
671,Muisne,EC,0.6,-80.0333,77.9,81,99,11.27,overcast clouds
672,Malakal,SS,9.5334,31.6605,81.99,39,28,4.29,scattered clouds
673,Makakilo City,US,21.3469,-158.0858,78.69,83,90,4.61,light rain
674,Grenada,ES,37.1882,-3.6067,62.69,65,0,1.01,clear sky
675,High Prairie,CA,55.4334,-116.4858,49.3,65,3,8.99,clear sky
676,Kasempa,ZM,-13.4584,25.8338,76.15,37,72,2.89,broken clouds
677,Atocha,BO,-20.9333,-66.2333,59.22,4,0,11.3,clear sky
678,Severnyy-Kospashskiy,RU,59.0925,57.8008,34.61,94,100,5.37,light rain
679,Potosi,BO,-19.5836,-65.7531,58.15,18,4,3.56,clear sky
680,Quatre Cocos,MU,-20.2078,57.7625,75.09,67,80,14.47,broken clouds
681,Sergeyevka,KZ,53.88,67.4158,51.44,34,100,17.87,overcast clouds
682,Santa Marta,CO,11.2408,-74.199,84.78,75,72,8.84,broken clouds
683,Thio,NC,-21.6167,166.2167,67.96,76,6,9.53,clear sky
684,Plettenberg Bay,ZA,-34.0527,23.3716,55.22,73,0,4.09,clear sky
685,Ambon,ID,-3.6954,128.1814,79.72,81,61,4.09,broken clouds
686,Lastoursville,GA,-0.8143,12.7287,72.72,97,10,0.6,light rain
687,Taree,AU,-31.9,152.4667,59.11,100,60,0.0,broken clouds
688,Halmaj,HU,48.25,21.0,39.78,59,100,1.16,overcast clouds
689,Bumba,CD,2.1833,22.4667,70.48,97,100,1.97,light rain
690,San Vicente,AR,-26.6167,-54.1333,68.09,51,0,5.93,clear sky
691,Sisimiut,GL,66.9395,-53.6735,18.91,81,61,8.41,broken clouds
692,Elmont,US,40.7009,-73.7129,61.14,59,100,1.01,overcast clouds
693,Manoel Urbano,BR,-8.8389,-69.2597,93.97,44,100,2.8,overcast clouds
694,Edzell,GB,56.8095,-2.6549,55.0,87,22,12.95,few clouds
695,Tombouctou,ML,20.0,-3.0,90.54,20,3,8.21,clear sky
696,Demyansk,RU,57.643,32.466,30.61,90,64,3.11,broken clouds
697,Majene,ID,-3.5403,118.9707,78.58,86,74,2.98,broken clouds
698,Jvari,GE,42.7169,42.052,48.45,76,100,0.76,overcast clouds
699,Aguadilla,PR,18.4275,-67.1541,87.66,71,75,1.99,broken clouds
700,North Bend,US,43.4065,-124.2243,58.87,89,96,1.99,overcast clouds
701,Honningsvag,NO,70.9821,25.9704,29.95,93,90,5.75,shower snow
702,Kuito,AO,-12.3833,16.9333,63.34,90,100,3.0,overcast clouds
703,Ialibu,PG,-6.2821,143.9935,54.23,91,100,3.87,overcast clouds
704,Rongcheng,CN,30.634,117.8517,54.75,92,51,1.95,light rain
705,Klooga,EE,59.3197,24.2114,45.95,84,100,14.32,overcast clouds
706,Novikovo,RU,51.1537,37.8879,37.9,71,82,12.33,broken clouds
707,La Malbaie,CA,47.6575,-70.1559,52.66,53,88,7.7,overcast clouds
708,Liuzhou,CN,24.3126,109.3892,59.81,64,0,7.23,clear sky
709,Rioja,AR,-29.4111,-66.8507,87.17,17,0,11.54,clear sky
710,Yatou,CN,37.15,122.3833,51.42,83,0,2.59,clear sky
711,Maldonado,UY,-34.6667,-54.9167,69.19,52,0,13.65,clear sky
712,Lakhdenpokhya,RU,61.5198,30.1992,30.81,77,99,7.27,light snow
713,Novyye Lyady,RU,58.0536,56.6039,38.44,87,97,10.36,overcast clouds
714,Erzincan,TR,39.75,39.5,51.84,25,11,4.07,few clouds
715,Takoradi,GH,4.8845,-1.7554,78.17,85,35,6.08,scattered clouds
716,Foz,ES,43.5692,-7.2544,58.41,88,15,5.23,few clouds
717,Ufa,RU,54.775,56.0375,34.97,77,86,6.22,overcast clouds
718,Chiang Rai,TH,19.9167,99.9167,75.18,88,40,0.0,scattered clouds
719,Kupang,ID,-10.1667,123.5833,78.89,83,16,3.09,few clouds
720,Nyurba,RU,63.2842,118.3319,32.79,98,100,6.82,overcast clouds
721,Fuerte Olimpo,PY,-21.0415,-57.8738,84.49,32,47,9.33,scattered clouds
722,Mporokoso,ZM,-9.3727,30.125,71.96,50,31,2.1,scattered clouds
723,Faya,SA,18.3851,42.4509,62.71,44,7,2.59,clear sky
724,Mayya,RU,61.7333,130.2811,31.32,97,100,6.33,light snow
725,Bull Savanna,JM,17.8868,-77.5902,83.26,67,95,15.41,overcast clouds
726,Athens,GR,37.9795,23.7162,64.26,80,100,8.99,overcast clouds
727,Kuyanovo,RU,55.8014,54.5372,37.4,83,15,8.14,few clouds
